Country Name,Country Code,2010 ,2011 ,2012 ,2013 ,2014 ,2015 ,2016 ,2017 ,Avg
Afghanistan,AFG,65.2 ,66.8 ,66.0 ,61.4 ,59.0 ,61.3 ,56.3 ,56.9 ,61.6 
Angola,AGO,33.8 ,33.1 ,33.4 ,34.7 ,33.0 ,32.7 ,31.8 ,32.4 ,33.1 
Albania,ALB,21.3 ,22.8 ,20.6 ,19.9 ,18.9 ,19.5 ,18.2 ,18.2 ,19.9 
Andorra,AND,12.8 ,13.3 ,12.4 ,11.8 ,10.8 ,11.5 ,10.3 ,10.3 ,11.6 
Arab World,ARB,53.8 ,52.7 ,53.3 ,54.1 ,52.6 ,60.4 ,58.8 ,58.7 ,55.5 
United Arab Emirates,ARE,39.0 ,39.2 ,39.3 ,39.6 ,38.0 ,42.3 ,40.5 ,40.9 ,39.9 
Argentina,ARG,16.9 ,17.4 ,16.1 ,15.6 ,14.5 ,14.6 ,13.8 ,13.3 ,15.3 
Armenia,ARM,37.5 ,38.6 ,37.2 ,34.9 ,33.1 ,34.9 ,32.2 ,32.5 ,35.1 
American Samoa,ASM,15.1 ,15.4 ,14.3 ,14.1 ,13.3 ,13.0 ,12.4 ,12.5 ,13.8 
Antigua and Barbuda,ATG,22.5 ,23.1 ,21.5 ,20.7 ,19.7 ,19.7 ,18.5 ,18.6 ,20.5 
Australia,AUS,10.6 ,11.0 ,10.5 ,10.0 ,9.5 ,9.3 ,8.6 ,8.6 ,9.8 
Austria,AUT,15.1 ,15.6 ,14.3 ,14.1 ,13.4 ,13.5 ,12.6 ,12.5 ,13.9 
Azerbaijan,AZE,23.0 ,23.6 ,22.2 ,22.3 ,20.7 ,21.4 ,20.2 ,19.9 ,21.7 
Burundi,BDI,38.4 ,38.2 ,41.0 ,40.0 ,39.4 ,38.4 ,38.7 ,38.9 ,39.1 
Belgium,BEL,16.0 ,15.7 ,14.7 ,14.0 ,13.2 ,13.6 ,12.8 ,12.9 ,14.1 
Benin,BEN,32.4 ,32.6 ,32.0 ,31.4 ,29.7 ,40.5 ,38.4 ,39.0 ,34.5 
Burkina Faso,BFA,37.5 ,37.3 ,38.8 ,33.3 ,34.0 ,46.6 ,41.5 ,42.9 ,39.0 
Bangladesh,BGD,70.8 ,70.2 ,70.8 ,65.6 ,68.4 ,67.0 ,60.1 ,60.8 ,66.7 
Bulgaria,BGR,22.8 ,24.3 ,22.6 ,21.0 ,20.7 ,20.8 ,19.3 ,19.1 ,21.3 
Bahrain,BHR,65.6 ,63.7 ,70.3 ,67.8 ,62.8 ,72.6 ,69.9 ,70.8 ,67.9 
"Bahamas, The",BHS,21.1 ,21.8 ,20.3 ,19.9 ,18.5 ,18.9 ,17.7 ,17.4 ,19.4 
Bosnia and Herzegovina,BIH,32.3 ,34.2 ,31.8 ,30.4 ,28.8 ,29.6 ,27.6 ,27.7 ,30.3 
Belarus,BLR,23.3 ,22.9 ,21.6 ,20.6 ,19.8 ,20.1 ,18.9 ,18.8 ,20.7 
Belize,BLZ,28.3 ,28.8 ,27.4 ,27.3 ,24.4 ,25.2 ,23.1 ,23.0 ,25.9 
Bermuda,BMU,14.6 ,14.8 ,14.0 ,13.5 ,12.8 ,12.4 ,11.7 ,11.6 ,13.2 
Bolivia,BOL,29.6 ,27.9 ,26.4 ,26.1 ,24.8 ,22.5 ,21.4 ,21.6 ,25.0 
Brazil,BRA,16.0 ,15.9 ,15.3 ,14.6 ,14.0 ,13.6 ,12.7 ,12.7 ,14.3 
Barbados,BRB,28.2 ,29.3 ,27.0 ,26.2 ,25.2 ,24.7 ,23.5 ,23.1 ,25.9 
Brunei Darussalam,BRN,7.4 ,7.4 ,7.6 ,6.7 ,6.2 ,6.5 ,5.9 ,5.9 ,6.7 
Bhutan,BTN,44.0 ,43.1 ,42.9 ,41.9 ,40.8 ,39.8 ,37.2 ,37.9 ,41.0 
Botswana,BWA,25.7 ,24.6 ,24.9 ,24.9 ,24.2 ,24.3 ,23.6 ,23.1 ,24.4 
Central African Republic,CAF,51.5 ,51.2 ,53.4 ,50.9 ,49.4 ,58.3 ,57.0 ,56.8 ,53.6 
Canada,CAN,8.4 ,8.6 ,8.1 ,7.8 ,7.4 ,7.2 ,6.5 ,6.4 ,7.6 
Central Europe and the Baltics,CEB,22.0 ,21.9 ,20.2 ,19.2 ,18.6 ,19.0 ,17.6 ,17.6 ,19.5 
Switzerland,CHE,12.9 ,13.0 ,12.3 ,11.8 ,11.4 ,11.2 ,10.3 ,10.3 ,11.7 
Chile,CHL,25.9 ,27.2 ,25.0 ,23.9 ,22.9 ,22.6 ,20.9 ,21.0 ,23.7 
China,CHN,69.5 ,70.5 ,63.8 ,65.5 ,59.8 ,59.1 ,52.2 ,52.7 ,61.6 
Cote d'Ivoire,CIV,21.6 ,22.6 ,22.5 ,21.3 ,20.9 ,27.7 ,26.7 ,25.9 ,23.6 
Cameroon,CMR,59.3 ,58.1 ,62.8 ,58.2 ,56.7 ,77.1 ,73.2 ,72.8 ,64.8 
"Congo, Dem. Rep.",COD,41.4 ,41.5 ,43.0 ,44.5 ,42.5 ,44.9 ,45.5 ,44.9 ,43.5 
"Congo, Rep.",COG,42.0 ,44.2 ,43.5 ,46.1 ,45.9 ,44.1 ,45.7 ,46.6 ,44.8 
Colombia,COL,21.5 ,21.4 ,20.5 ,19.2 ,18.3 ,17.3 ,16.6 ,16.5 ,18.9 
Comoros,COM,20.7 ,21.0 ,21.3 ,21.0 ,21.5 ,20.7 ,20.5 ,20.5 ,20.9 
Cabo Verde,CPV,27.6 ,31.6 ,32.9 ,32.1 ,31.6 ,38.6 ,33.4 ,34.8 ,32.8 
Costa Rica,CRI,19.3 ,19.7 ,19.3 ,18.3 ,17.5 ,16.9 ,15.7 ,15.7 ,17.8 
Caribbean small states,CSS,22.9 ,23.6 ,22.2 ,21.5 ,20.0 ,20.1 ,19.1 ,19.0 ,21.0 
Cuba,CUB,23.9 ,24.8 ,23.2 ,22.9 ,21.3 ,20.9 ,19.7 ,19.7 ,22.1 
Cyprus,CYP,20.1 ,20.1 ,19.2 ,18.7 ,18.3 ,19.1 ,17.0 ,17.3 ,18.7 
Czech Republic,CZE,20.7 ,20.1 ,18.7 ,18.0 ,17.4 ,17.4 ,16.1 ,16.1 ,18.1 
Germany,DEU,15.2 ,14.7 ,13.6 ,13.2 ,12.8 ,12.8 ,11.9 ,12.0 ,13.3 
Djibouti,DJI,38.2 ,40.4 ,39.9 ,40.1 ,41.3 ,46.0 ,45.9 ,45.5 ,42.2 
Dominica,DMA,23.7 ,24.3 ,22.2 ,22.2 ,21.0 ,20.7 ,20.0 ,19.5 ,21.7 
Denmark,DNK,11.9 ,12.7 ,11.1 ,10.8 ,11.1 ,10.7 ,10.1 ,10.0 ,11.0 
Dominican Republic,DOM,16.9 ,17.3 ,16.2 ,15.4 ,14.2 ,14.9 ,13.7 ,13.7 ,15.3 
Algeria,DZA,33.6 ,33.8 ,33.4 ,34.2 ,35.6 ,36.1 ,39.9 ,38.9 ,35.7 
East Asia & Pacific (excluding high income),EAP,55.8 ,56.4 ,51.6 ,52.4 ,48.1 ,47.4 ,42.3 ,42.5 ,49.6 
Early-demographic dividend,EAR,64.3 ,64.9 ,60.4 ,61.4 ,60.0 ,60.6 ,59.9 ,60.4 ,61.5 
East Asia & Pacific,EAS,51.9 ,52.4 ,48.1 ,48.8 ,44.8 ,44.2 ,39.5 ,39.7 ,46.2 
Europe & Central Asia (excluding high income),ECA,26.6 ,26.4 ,25.5 ,25.1 ,24.3 ,25.4 ,24.3 ,24.4 ,25.3 
Europe & Central Asia,ECS,20.6 ,20.6 ,19.5 ,19.1 ,18.4 ,19.0 ,18.0 ,18.1 ,19.2 
Ecuador,ECU,20.0 ,19.3 ,19.6 ,18.1 ,16.2 ,15.7 ,15.0 ,14.9 ,17.3 
"Egypt, Arab Rep.",EGY,77.4 ,70.8 ,72.8 ,76.2 ,76.6 ,88.2 ,88.1 ,87.0 ,79.6 
Euro area,EMU,15.2 ,15.4 ,14.2 ,13.8 ,13.2 ,13.4 ,12.5 ,12.5 ,13.8 
Eritrea,ERI,45.2 ,45.3 ,46.1 ,47.6 ,44.4 ,49.8 ,48.7 ,48.0 ,46.9 
Spain,ESP,11.3 ,12.0 ,11.1 ,10.7 ,10.1 ,10.4 ,9.7 ,9.7 ,10.7 
Estonia,EST,8.5 ,8.4 ,7.8 ,7.5 ,7.7 ,7.0 ,6.8 ,6.7 ,7.6 
Ethiopia,ETH,35.6 ,36.3 ,36.0 ,35.9 ,35.0 ,38.9 ,39.2 ,39.0 ,37.0 
European Union,EUU,16.0 ,16.2 ,14.9 ,14.4 ,13.8 ,14.0 ,13.1 ,13.1 ,14.4 
Fragile and conflict affected situations,FCS,41.9 ,42.3 ,42.4 ,41.7 ,40.1 ,44.1 ,42.3 ,42.2 ,42.1 
Finland,FIN,7.2 ,7.3 ,6.6 ,6.3 ,6.5 ,6.1 ,5.9 ,5.9 ,6.5 
Fiji,FJI,13.5 ,13.8 ,12.9 ,12.1 ,11.9 ,11.6 ,11.1 ,10.8 ,12.2 
France,FRA,14.8 ,14.9 ,13.8 ,13.6 ,12.3 ,12.7 ,11.9 ,11.8 ,13.2 
"Micronesia, Fed. Sts.",FSM,13.7 ,13.7 ,13.0 ,12.7 ,11.9 ,11.7 ,11.1 ,11.3 ,12.4 
Gabon,GAB,40.3 ,41.1 ,40.8 ,40.7 ,41.3 ,44.1 ,43.7 ,44.4 ,42.1 
United Kingdom,GBR,12.3 ,12.8 ,11.8 ,11.6 ,10.8 ,10.8 ,10.5 ,10.5 ,11.4 
Georgia,GEO,26.1 ,26.8 ,25.0 ,23.9 ,23.0 ,24.3 ,21.8 ,22.2 ,24.1 
Ghana,GHA,27.4 ,28.2 ,28.9 ,27.8 ,25.9 ,34.7 ,36.3 ,34.7 ,30.5 
Guinea,GIN,22.0 ,22.4 ,23.0 ,21.3 ,21.2 ,26.9 ,24.8 ,26.1 ,23.5 
"Gambia, The",GMB,30.2 ,29.3 ,30.7 ,29.8 ,30.6 ,36.3 ,32.6 ,34.0 ,31.7 
Guinea-Bissau,GNB,26.8 ,27.4 ,27.1 ,26.5 ,26.9 ,31.8 ,29.6 ,29.8 ,28.2 
Equatorial Guinea,GNQ,46.2 ,46.9 ,45.2 ,43.6 ,44.3 ,52.6 ,54.5 ,53.2 ,48.3 
Greece,GRC,19.1 ,20.0 ,18.4 ,17.8 ,17.4 ,17.7 ,16.3 ,16.2 ,17.9 
Grenada,GRD,27.5 ,28.1 ,26.5 ,25.8 ,24.3 ,24.2 ,22.9 ,22.7 ,25.2 
Greenland,GRL,13.9 ,14.1 ,13.4 ,12.8 ,12.5 ,11.8 ,11.6 ,11.6 ,12.7 
Guatemala,GTM,30.0 ,31.7 ,29.9 ,30.1 ,26.5 ,25.1 ,23.8 ,24.1 ,27.6 
Guam,GUM,13.9 ,14.1 ,13.2 ,12.8 ,12.0 ,12.5 ,11.7 ,11.6 ,12.7 
Guyana,GUY,27.3 ,27.9 ,26.9 ,24.9 ,23.6 ,23.9 ,22.4 ,22.4 ,24.9 
High income,HIC,16.7 ,17.0 ,16.1 ,15.9 ,15.0 ,15.8 ,14.5 ,14.7 ,15.7 
Honduras,HND,26.9 ,28.9 ,27.4 ,27.7 ,23.2 ,22.4 ,21.1 ,20.6 ,24.8 
Heavily indebted poor countries (HIPC),HPC,37.2 ,37.9 ,38.5 ,37.2 ,36.4 ,41.4 ,40.5 ,40.7 ,38.7 
Croatia,HRV,21.3 ,22.0 ,20.2 ,19.6 ,18.4 ,19.2 ,17.8 ,17.9 ,19.6 
Haiti,HTI,17.8 ,18.8 ,17.5 ,16.8 ,16.3 ,15.5 ,15.1 ,15.0 ,16.6 
Hungary,HUN,19.1 ,19.4 ,17.5 ,17.2 ,16.3 ,17.2 ,15.9 ,15.9 ,17.3 
IBRD only,IBD,59.5 ,60.2 ,55.3 ,56.6 ,53.9 ,53.9 ,51.6 ,52.0 ,55.4 
IDA & IBRD total,IBT,56.7 ,57.2 ,53.5 ,54.0 ,51.7 ,53.0 ,50.8 ,51.2 ,53.5 
IDA total,IDA,47.7 ,47.9 ,47.8 ,45.7 ,45.0 ,50.4 ,48.4 ,48.6 ,47.7 
IDA blend,IDB,53.4 ,53.2 ,52.7 ,49.6 ,48.5 ,59.0 ,56.7 ,56.8 ,53.7 
Indonesia,IDN,18.2 ,18.0 ,18.2 ,16.9 ,16.5 ,16.6 ,16.4 ,16.5 ,17.2 
IDA only,IDX,44.8 ,45.2 ,45.3 ,43.6 ,43.2 ,46.0 ,44.1 ,44.3 ,44.6 
India,IND,95.8 ,97.6 ,88.2 ,91.8 ,89.6 ,89.3 ,89.7 ,90.9 ,91.6 
Ireland,IRL,10.0 ,10.3 ,9.5 ,9.4 ,8.8 ,8.7 ,8.3 ,8.2 ,9.1 
"Iran, Islamic Rep.",IRN,38.7 ,38.0 ,38.5 ,38.1 ,38.1 ,39.6 ,38.8 ,39.0 ,38.6 
Iraq,IRQ,68.7 ,66.4 ,66.8 ,63.8 ,56.6 ,66.3 ,64.0 ,61.6 ,64.3 
Iceland,ISL,7.9 ,8.1 ,7.3 ,7.2 ,6.9 ,6.9 ,6.6 ,6.5 ,7.2 
Israel,ISR,24.0 ,23.9 ,23.0 ,22.9 ,22.1 ,22.8 ,20.8 ,21.4 ,22.6 
Italy,ITA,19.0 ,20.0 ,18.1 ,17.8 ,17.8 ,17.9 ,16.5 ,16.8 ,18.0 
Jamaica,JAM,16.1 ,16.5 ,15.5 ,14.9 ,14.1 ,14.2 ,13.4 ,13.4 ,14.8 
Jordan,JOR,33.6 ,33.0 ,33.0 ,33.4 ,33.2 ,34.3 ,33.2 ,33.0 ,33.3 
Japan,JPN,14.1 ,14.1 ,13.1 ,13.4 ,12.6 ,12.7 ,11.6 ,11.7 ,12.9 
Kazakhstan,KAZ,15.9 ,15.2 ,14.5 ,14.6 ,13.7 ,14.4 ,13.1 ,13.8 ,14.4 
Kenya,KEN,28.2 ,28.7 ,29.4 ,28.9 ,28.9 ,28.5 ,28.6 ,28.6 ,28.7 
Kyrgyz Republic,KGZ,27.3 ,27.5 ,25.5 ,25.4 ,23.3 ,24.3 ,23.2 ,22.7 ,24.9 
Cambodia,KHM,31.3 ,30.9 ,31.3 ,30.3 ,28.6 ,26.8 ,25.2 ,25.6 ,28.8 
Kiribati,KIR,13.2 ,13.4 ,12.6 ,12.3 ,11.4 ,11.5 ,10.5 ,10.6 ,11.9 
"Korea, Rep.",KOR,29.8 ,29.7 ,27.9 ,29.5 ,27.2 ,28.2 ,25.1 ,25.0 ,27.8 
Kuwait,KWT,62.7 ,62.8 ,64.1 ,62.6 ,55.6 ,65.4 ,60.8 ,60.7 ,61.9 
Latin America & Caribbean (excluding high income),LAC,21.1 ,21.5 ,20.5 ,19.8 ,18.4 ,17.7 ,16.7 ,16.7 ,19.0 
Lao PDR,LAO,31.7 ,29.7 ,30.3 ,30.3 ,28.4 ,26.1 ,25.8 ,25.1 ,28.4 
Lebanon,LBN,30.9 ,30.1 ,30.1 ,30.6 ,30.4 ,31.2 ,30.2 ,30.6 ,30.5 
Liberia,LBR,15.2 ,16.1 ,16.3 ,15.4 ,14.9 ,18.2 ,17.9 ,18.0 ,16.5 
Libya,LBY,50.1 ,44.6 ,44.9 ,49.3 ,47.5 ,51.5 ,52.1 ,54.3 ,49.3 
St. Lucia,LCA,27.6 ,28.1 ,26.4 ,25.4 ,24.2 ,24.3 ,22.4 ,22.4 ,25.1 
Latin America & Caribbean,LCN,21.1 ,21.5 ,20.4 ,19.8 ,18.4 ,17.8 ,16.7 ,16.7 ,19.0 
Least developed countries: UN classification,LDC,46.0 ,46.4 ,46.6 ,44.8 ,44.4 ,47.0 ,44.9 ,45.3 ,45.7 
Low income,LIC,41.3 ,41.9 ,42.1 ,41.0 ,40.0 ,43.8 ,42.9 ,43.2 ,42.0 
Sri Lanka,LKA,31.0 ,31.2 ,30.1 ,28.9 ,26.9 ,25.3 ,14.0 ,11.1 ,24.8 
Lower middle income,LMC,67.3 ,67.8 ,63.3 ,64.0 ,62.7 ,64.8 ,63.9 ,64.4 ,64.8 
Low & middle income,LMY,56.9 ,57.4 ,53.7 ,54.2 ,51.9 ,53.3 ,51.0 ,51.4 ,53.7 
Lesotho,LSO,32.2 ,31.4 ,31.2 ,32.1 ,33.1 ,30.9 ,28.3 ,28.0 ,30.9 
Late-demographic dividend,LTE,52.1 ,52.7 ,48.2 ,49.0 ,45.0 ,44.5 ,39.8 ,40.0 ,46.4 
Lithuania,LTU,15.0 ,14.5 ,13.8 ,13.0 ,12.8 ,12.5 ,11.8 ,11.9 ,13.2 
Luxembourg,LUX,13.0 ,12.7 ,11.8 ,11.6 ,10.9 ,11.0 ,10.3 ,10.4 ,11.4 
Latvia,LVA,17.1 ,16.6 ,15.6 ,14.9 ,14.9 ,14.0 ,13.4 ,13.4 ,15.0 
Morocco,MAR,29.6 ,29.3 ,27.8 ,29.3 ,29.9 ,31.4 ,32.9 ,32.6 ,30.4 
Moldova,MDA,19.1 ,19.9 ,18.4 ,17.4 ,16.7 ,17.1 ,16.4 ,16.3 ,17.7 
Madagascar,MDG,22.7 ,23.4 ,22.7 ,23.9 ,23.5 ,23.0 ,22.9 ,22.5 ,23.1 
Maldives,MDV,11.3 ,11.8 ,11.2 ,10.6 ,9.9 ,9.4 ,8.0 ,7.8 ,10.0 
Middle East & North Africa,MEA,51.8 ,50.3 ,51.1 ,51.9 ,50.5 ,57.0 ,55.8 ,55.7 ,53.0 
Mexico,MEX,26.4 ,27.7 ,26.0 ,25.4 ,23.1 ,22.1 ,20.7 ,20.9 ,24.0 
Marshall Islands,MHL,12.9 ,12.9 ,12.1 ,11.9 ,11.1 ,10.8 ,10.2 ,10.2 ,11.5 
Middle income,MIC,58.7 ,59.2 ,55.0 ,55.7 ,53.3 ,54.4 ,52.0 ,52.4 ,55.1 
North Macedonia,MKD,34.5 ,38.1 ,34.7 ,32.0 ,31.8 ,32.0 ,29.6 ,29.7 ,32.8 
Mali,MLI,36.4 ,35.1 ,34.7 ,32.3 ,33.9 ,41.9 ,38.5 ,38.5 ,36.4 
Malta,MLT,16.4 ,16.6 ,15.4 ,15.3 ,14.4 ,14.7 ,13.8 ,13.9 ,15.1 
Myanmar,MMR,44.1 ,43.6 ,42.5 ,42.9 ,40.3 ,38.5 ,36.0 ,35.6 ,40.4 
Middle East & North Africa (excluding high income),MNA,50.2 ,48.3 ,48.8 ,50.0 ,49.2 ,54.5 ,54.4 ,53.9 ,51.1 
Montenegro,MNE,25.1 ,26.6 ,24.7 ,23.3 ,21.9 ,22.6 ,20.9 ,20.8 ,23.2 
Mongolia,MNG,43.3 ,45.4 ,42.7 ,42.3 ,39.3 ,42.5 ,38.2 ,40.1 ,41.7 
Northern Mariana Islands,MNP,11.9 ,12.2 ,11.4 ,11.0 ,10.3 ,10.4 ,9.9 ,9.9 ,10.9 
Mozambique,MOZ,23.6 ,22.6 ,22.9 ,22.6 ,22.6 ,21.9 ,21.5 ,21.3 ,22.4 
Mauritania,MRT,39.6 ,40.0 ,42.3 ,40.2 ,43.1 ,49.5 ,46.7 ,47.4 ,43.6 
Mauritius,MUS,15.2 ,15.2 ,15.2 ,15.6 ,15.3 ,14.4 ,14.3 ,14.5 ,15.0 
Malawi,MWI,25.7 ,25.2 ,25.7 ,24.7 ,25.2 ,24.5 ,23.1 ,23.6 ,24.7 
Malaysia,MYS,18.6 ,19.2 ,19.2 ,17.6 ,16.9 ,17.4 ,15.8 ,16.0 ,17.6 
North America,NAC,9.3 ,9.6 ,8.9 ,8.6 ,8.1 ,8.0 ,7.3 ,7.3 ,8.4 
Namibia,NAM,27.7 ,27.0 ,26.8 ,27.1 ,26.0 ,26.9 ,25.6 ,25.4 ,26.6 
Niger,NER,69.2 ,73.0 ,72.5 ,63.0 ,60.5 ,87.3 ,87.7 ,94.1 ,75.9 
Nigeria,NGA,52.6 ,51.0 ,56.1 ,49.7 ,48.6 ,75.4 ,71.4 ,71.8 ,59.6 
Nicaragua,NIC,22.5 ,22.5 ,22.4 ,21.9 ,19.4 ,18.6 ,17.7 ,17.6 ,20.3 
Netherlands,NLD,15.2 ,15.0 ,13.8 ,13.0 ,12.8 ,12.9 ,12.0 ,12.0 ,13.4 
Norway,NOR,8.3 ,8.9 ,7.9 ,7.6 ,7.7 ,7.2 ,7.0 ,7.0 ,7.7 
Nepal,NPL,100.8 ,100.8 ,97.0 ,95.3 ,98.1 ,96.3 ,98.1 ,99.7 ,98.2 
New Zealand,NZL,7.2 ,7.4 ,6.8 ,6.8 ,6.4 ,6.3 ,6.0 ,6.0 ,6.6 
OECD members,OED,17.0 ,17.1 ,16.2 ,16.0 ,15.2 ,15.4 ,14.4 ,14.5 ,15.7 
Oman,OMN,37.5 ,39.1 ,40.7 ,41.1 ,37.7 ,42.6 ,41.8 ,41.1 ,40.2 
Other small states,OSS,32.4 ,32.5 ,33.5 ,33.4 ,32.5 ,35.8 ,34.3 ,34.8 ,33.6 
Pakistan,PAK,68.0 ,68.5 ,62.4 ,61.0 ,59.5 ,60.1 ,58.6 ,58.3 ,62.1 
Panama,PAN,14.1 ,14.3 ,14.0 ,13.4 ,12.9 ,12.5 ,11.5 ,11.4 ,13.0 
Peru,PER,31.5 ,31.6 ,30.5 ,29.7 ,27.6 ,26.0 ,25.5 ,24.8 ,28.4 
Philippines,PHL,23.6 ,22.8 ,22.5 ,21.2 ,20.3 ,19.6 ,18.2 ,18.1 ,20.8 
Papua New Guinea,PNG,14.9 ,15.5 ,14.6 ,14.0 ,13.2 ,13.3 ,12.6 ,12.3 ,13.8 
Poland,POL,27.2 ,26.4 ,24.3 ,22.9 ,22.2 ,22.7 ,21.0 ,20.9 ,23.4 
Pre-demographic dividend,PRE,42.3 ,42.4 ,44.1 ,41.5 ,40.5 ,50.3 ,48.4 ,48.6 ,44.8 
Puerto Rico,PRI,10.4 ,10.6 ,10.0 ,9.7 ,9.1 ,8.9 ,8.3 ,8.3 ,9.4 
"Korea, Dem. Peopleâ€™s Rep.",PRK,39.3 ,38.9 ,36.4 ,37.1 ,35.2 ,37.4 ,31.8 ,32.0 ,36.0 
Portugal,PRT,10.1 ,10.4 ,9.5 ,9.4 ,8.8 ,8.8 ,8.1 ,8.2 ,9.1 
Paraguay,PRY,15.1 ,14.6 ,13.9 ,12.9 ,12.6 ,13.0 ,11.6 ,11.9 ,13.2 
West Bank and Gaza,PSE,33.0 ,32.9 ,32.8 ,33.5 ,33.4 ,33.9 ,32.7 ,33.2 ,33.2 
Pacific island small states,PSS,13.8 ,14.0 ,13.1 ,12.5 ,12.0 ,12.0 ,11.3 ,11.3 ,12.5 
Post-demographic dividend,PST,14.2 ,14.4 ,13.4 ,13.1 ,12.4 ,12.5 ,11.6 ,11.6 ,12.9 
Qatar,QAT,84.1 ,81.3 ,89.2 ,88.9 ,78.8 ,94.4 ,88.2 ,91.2 ,87.0 
Romania,ROU,17.1 ,17.6 ,16.3 ,15.4 ,15.0 ,15.4 ,14.5 ,14.6 ,15.7 
Russian Federation,RUS,19.5 ,19.2 ,18.3 ,17.8 ,16.6 ,17.0 ,16.2 ,16.2 ,17.6 
Rwanda,RWA,41.4 ,42.7 ,44.6 ,44.4 ,42.2 ,42.6 ,42.8 ,43.2 ,43.0 
South Asia,SAS,89.2 ,90.6 ,82.7 ,84.7 ,83.1 ,82.7 ,82.0 ,82.9 ,84.7 
Saudi Arabia,SAU,81.7 ,82.4 ,85.5 ,83.6 ,75.6 ,97.4 ,84.5 ,87.9 ,84.8 
Sudan,SDN,47.3 ,51.2 ,49.7 ,48.0 ,48.1 ,58.9 ,54.1 ,55.4 ,51.6 
Senegal,SEN,35.0 ,35.9 ,36.2 ,34.0 ,36.8 ,44.3 ,38.7 ,40.7 ,37.7 
Singapore,SGP,20.6 ,19.3 ,20.9 ,18.7 ,17.4 ,20.7 ,18.8 ,19.1 ,19.4 
Solomon Islands,SLB,14.4 ,14.4 ,13.4 ,12.6 ,12.2 ,12.7 ,11.8 ,11.9 ,12.9 
Sierra Leone,SLE,18.5 ,18.7 ,20.1 ,18.4 ,17.7 ,22.5 ,21.3 ,21.6 ,19.9 
El Salvador,SLV,30.5 ,33.6 ,30.9 ,30.8 ,27.5 ,26.5 ,24.7 ,24.5 ,28.6 
Somalia,SOM,29.0 ,31.2 ,31.6 ,29.6 ,30.4 ,32.0 ,31.8 ,32.0 ,30.9 
Serbia,SRB,29.1 ,31.0 ,28.6 ,27.4 ,26.5 ,27.0 ,24.8 ,24.7 ,27.4 
Sub-Saharan Africa (excluding high income),SSA,38.2 ,38.4 ,39.8 ,37.9 ,37.2 ,45.7 ,44.4 ,44.6 ,40.8 
South Sudan,SSD,43.2 ,45.1 ,44.0 ,42.6 ,41.9 ,47.8 ,44.8 ,45.6 ,44.4 
Sub-Saharan Africa,SSF,38.2 ,38.4 ,39.8 ,37.9 ,37.2 ,45.7 ,44.4 ,44.6 ,40.8 
Small states,SST,29.3 ,29.6 ,30.1 ,29.9 ,28.9 ,31.5 ,30.1 ,30.5 ,30.0 
Sao Tome and Principe,STP,27.1 ,27.9 ,25.9 ,27.7 ,27.9 ,28.4 ,28.7 ,28.5 ,27.8 
Suriname,SUR,29.8 ,31.0 ,29.1 ,28.8 ,26.0 ,26.0 ,25.3 ,24.8 ,27.6 
Slovak Republic,SVK,21.7 ,21.8 ,19.8 ,19.3 ,18.3 ,18.8 ,17.4 ,17.6 ,19.3 
Slovenia,SVN,18.7 ,19.5 ,17.7 ,17.6 ,16.6 ,17.1 ,15.9 ,16.0 ,17.4 
Sweden,SWE,7.2 ,7.4 ,6.6 ,6.4 ,7.0 ,6.3 ,6.1 ,6.2 ,6.7 
Eswatini,SWZ,18.1 ,18.0 ,18.2 ,18.3 ,18.0 ,17.9 ,17.1 ,17.2 ,17.9 
Seychelles,SYC,21.1 ,21.6 ,21.5 ,21.0 ,21.0 ,20.1 ,20.4 ,20.2 ,20.8 
Syrian Arab Republic,SYR,42.7 ,41.1 ,41.0 ,41.9 ,41.5 ,44.3 ,43.7 ,43.8 ,42.5 
Chad,TCD,56.6 ,55.2 ,58.7 ,53.1 ,51.2 ,68.7 ,64.8 ,66.0 ,59.3 
East Asia & Pacific (IDA & IBRD countries),TEA,56.1 ,56.6 ,51.8 ,52.6 ,48.3 ,47.5 ,42.4 ,42.7 ,49.8 
Europe & Central Asia (IDA & IBRD countries),TEC,26.6 ,26.3 ,25.4 ,24.9 ,24.0 ,25.1 ,24.0 ,24.1 ,25.0 
Togo,TGO,30.5 ,30.9 ,31.4 ,29.6 ,28.9 ,38.4 ,37.1 ,35.7 ,32.8 
Thailand,THA,31.6 ,31.6 ,31.5 ,31.2 ,29.4 ,27.3 ,26.3 ,26.3 ,29.4 
Tajikistan,TJK,50.4 ,54.3 ,49.0 ,49.6 ,46.5 ,47.8 ,43.4 ,46.2 ,48.4 
Turkmenistan,TKM,24.9 ,25.5 ,23.8 ,23.7 ,22.1 ,23.0 ,21.7 ,21.8 ,23.3 
Latin America & the Caribbean (IDA & IBRD countries),TLA,21.1 ,21.5 ,20.5 ,19.8 ,18.4 ,17.8 ,16.7 ,16.7 ,19.0 
Timor-Leste,TLS,23.5 ,23.8 ,22.5 ,22.0 ,20.5 ,20.6 ,20.0 ,19.3 ,21.5 
Middle East & North Africa (IDA & IBRD countries),TMN,50.4 ,48.4 ,49.0 ,50.2 ,49.4 ,54.7 ,54.6 ,54.1 ,51.4 
Tonga,TON,13.5 ,13.5 ,12.4 ,12.1 ,12.1 ,11.3 ,11.0 ,10.8 ,12.1 
South Asia (IDA & IBRD),TSA,89.2 ,90.6 ,82.7 ,84.7 ,83.1 ,82.7 ,82.0 ,82.9 ,84.7 
Sub-Saharan Africa (IDA & IBRD countries),TSS,38.2 ,38.4 ,39.8 ,37.9 ,37.2 ,45.7 ,44.4 ,44.6 ,40.8 
Trinidad and Tobago,TTO,28.7 ,29.9 ,27.9 ,27.2 ,24.9 ,24.9 ,24.2 ,24.1 ,26.5 
Tunisia,TUN,35.5 ,33.9 ,32.8 ,35.7 ,34.7 ,36.3 ,38.5 ,37.7 ,35.6 
Turkey,TUR,43.8 ,40.5 ,41.9 ,42.1 ,42.6 ,45.4 ,44.5 ,44.3 ,43.1 
Tanzania,TZA,28.6 ,28.7 ,30.0 ,29.4 ,28.9 ,28.2 ,28.4 ,29.1 ,28.9 
Uganda,UGA,44.8 ,47.1 ,49.6 ,47.7 ,46.9 ,48.9 ,51.9 ,50.5 ,48.4 
Ukraine,UKR,23.5 ,24.0 ,22.3 ,21.5 ,20.5 ,21.2 ,20.6 ,20.3 ,21.8 
Upper middle income,UMC,49.4 ,49.9 ,46.0 ,46.6 ,43.0 ,42.7 ,38.6 ,38.7 ,44.4 
Uruguay,URY,11.0 ,11.5 ,10.6 ,10.5 ,9.9 ,9.7 ,9.2 ,9.3 ,10.2 
United States of America,USA,9.4 ,9.7 ,9.0 ,8.7 ,8.2 ,8.1 ,7.4 ,7.4 ,8.5 
Uzbekistan,UZB,32.1 ,34.0 ,31.7 ,30.8 ,28.9 ,30.4 ,27.8 ,28.5 ,30.5 
St. Vincent and the Grenadines,VCT,26.4 ,27.6 ,25.8 ,24.8 ,23.0 ,23.5 ,22.1 ,22.2 ,24.4 
"Venezuela, RB",VEN,21.7 ,22.0 ,21.2 ,20.4 ,19.1 ,18.3 ,16.8 ,17.0 ,19.6 
Virgin Islands (U.S.),VIR,12.8 ,13.0 ,12.2 ,12.0 ,11.2 ,11.0 ,10.3 ,10.3 ,11.6 
Vietnam,VNM,39.4 ,38.5 ,37.2 ,36.8 ,34.9 ,32.5 ,30.2 ,29.6 ,34.9 
Vanuatu,VUT,14.1 ,14.4 ,13.2 ,12.7 ,11.9 ,12.2 ,11.6 ,11.7 ,12.7 
World,WLD,50.2 ,50.8 ,47.5 ,47.9 ,45.9 ,47.2 ,45.1 ,45.5 ,47.5 
Samoa,WSM,14.3 ,14.7 ,13.6 ,13.4 ,12.6 ,12.3 ,11.4 ,11.5 ,13.0 
"Yemen, Rep.",YEM,46.0 ,50.8 ,51.4 ,53.0 ,48.3 ,54.3 ,50.1 ,50.5 ,50.6 
South Africa,ZAF,27.1 ,26.6 ,26.6 ,26.7 ,26.7 ,26.1 ,25.1 ,25.1 ,26.3 
Zambia,ZMB,28.8 ,29.0 ,29.7 ,29.1 ,28.5 ,28.4 ,27.4 ,27.4 ,28.5 
Zimbabwe,ZWE,23.2 ,23.1 ,23.2 ,23.1 ,22.8 ,21.7 ,21.7 ,22.3 ,22.6 
South Sudan,SDS,47.3 ,45.0 ,44.0 ,43.0 ,42.0 ,48.0 ,45.0 ,46.0 ,45.0 
